source_url,source_type,date_accessed,confidence,notes,id_reference
https://gdc.georgia.gov/reentry-services,government,2026-06-24,high,Resource id 1: Georgia Department of Corrections — Reentry Services,1
https://pap.georgia.gov,government,2026-06-24,high,Resource id 2: Georgia Board of Pardons and Paroles — Statewide,2
https://compass.ga.gov,government,2026-06-24,high,Resource id 3: COMPASS — Georgia Benefits Portal,3
https://dfcs.georgia.gov,government,2026-06-24,high,Resource id 4: DFCS — Family Assistance & Benefits Overview,4
https://georgia211.org,nonprofit,2026-06-24,high,Resource id 5: 211 Georgia,5
https://www.glsp.org,nonprofit,2026-06-24,high,Resource id 6: Georgia Legal Services Program — Statewide Intake,6
https://dol.georgia.gov/worksource-georgia,government,2026-06-24,high,Resource id 7: Georgia Department of Labor — WorkSource Georgia,7
https://gvra.georgia.gov,government,2026-06-24,high,Resource id 8: Georgia Vocational Rehabilitation Agency — Statewide,8
https://www.mygcal.com,government,2026-06-24,high,Resource id 9: Georgia Crisis & Access Line (GCAL),9
https://988lifeline.org,government,2026-06-24,high,Resource id 10: 988 Suicide & Crisis Lifeline — Georgia,10
https://www.samhsa.gov/find-help/national-helpline,government,2026-06-24,high,Resource id 11: SAMHSA National Helpline,11
https://findtreatment.gov,government,2026-06-24,high,Resource id 12: FindTreatment.gov — Georgia Provider Search,12
https://dds.georgia.gov,government,2026-06-24,high,Resource id 13: Georgia Department of Driver Services — ID Services,13
https://dph.georgia.gov/vital-records,government,2026-06-24,high,Resource id 14: Georgia Department of Public Health — Vital Records,14
https://veterans.georgia.gov,government,2026-06-24,high,Resource id 15: Georgia Department of Veterans Service — Reentry Supports,15
https://actionministries.net,nonprofit,2026-06-24,high,Resource id 16: Action Ministries — Reentry & Housing (Atlanta),16
https://www.crossroadsatlanta.org,nonprofit,2026-06-24,high,Resource id 17: Crossroads Community Ministries — Atlanta,17
https://www.unionmission.org,nonprofit,2026-06-24,high,Resource id 18: Union Mission — Savannah Reentry Services,18
https://www.valleyrescuemission.org,nonprofit,2026-06-24,high,Resource id 19: Valley Rescue Mission — Columbus,19
https://www.goldenharvest.org,nonprofit,2026-06-24,high,Resource id 20: Golden Harvest Food Bank — Augusta,20
https://www.mbeoc.org,nonprofit,2026-06-24,high,Resource id 21: Macon-Bibb Economic Opportunity Council — Reentry,21
https://dca.georgia.gov/affordable-housing/special-needs-housing/reentry-partnership-housing-rph,government,2026-06-24,high,Resource id 22: Georgia Department of Community Supervision — Reentry Partnership Housing (RPH),22
https://dcs.georgia.gov/reentry-services,government,2026-06-24,high,Resource id 23: Georgia Department of Community Supervision — Reentry Services,23
https://gvs.georgia.gov/,government,2026-06-24,high,Resource id 24: Georgia Vocational Rehabilitation Agency (GVRA),24
https://georgiacalls.org/,nonprofit,2026-06-24,high,Resource id 25: Georgia CALLS — Reentry Employment Network,25
https://gjpc.org/,nonprofit,2026-06-24,high,Resource id 26: Georgia Justice Project,26
https://www.glsp.org/,nonprofit,2026-06-24,high,Resource id 27: Georgia Legal Services Program,27
https://veterans.georgia.gov/,government,2026-06-24,high,Resource id 28: Georgia Department of Veterans Service,28
https://gatewayctr.org,nonprofit,2026-06-24,high,Resource id 29: Gateway Center Atlanta,29
https://atlantamission.org,nonprofit,2026-06-24,high,Resource id 30: Atlanta Mission — The Shepherd's Inn (Men),30
https://atlantamission.org,nonprofit,2026-06-24,high,Resource id 31: Atlanta Mission — My Sister's House (Women),31
https://cityofrefugeatl.org,nonprofit,2026-06-24,high,Resource id 32: City of Refuge — Transitional Housing,32
https://hopeatlanta.org,nonprofit,2026-06-24,high,Resource id 33: HOPE Atlanta — Reentry Housing Navigation,33
https://nicholashouse.org,nonprofit,2026-06-24,high,Resource id 34: Nicholas House — Family Shelter & Rehousing,34
https://maryhallfreedomhouse.org,nonprofit,2026-06-24,high,Resource id 35: Mary Hall Freedom House — Women's Recovery Housing,35
https://phoenixpass.org,nonprofit,2026-06-24,high,Resource id 36: Phoenix Pass — Women's Recovery Residence,36
https://livesaferesources.org,nonprofit,2026-06-24,high,Resource id 37: LiveSafe Resources — Emergency Shelter (Cobb),37
https://restartatlanta.org,nonprofit,2026-06-24,high,Resource id 38: ReStart Atlanta — Men's Transitional Housing,38
https://firststepstaffing.com,nonprofit,2026-06-24,high,Resource id 39: First Step Staffing — Atlanta,39
https://goodwillng.org,nonprofit,2026-06-24,high,Resource id 40: Goodwill of North Georgia — Career Centers,40
https://atlworks.org,nonprofit,2026-06-24,high,Resource id 41: WorkSource Metro Atlanta — Career Resource Centers,41
https://mercyatl.org,nonprofit,2026-06-24,high,Resource id 42: Mercy Care — FQHC Atlanta,42
https://www.gradyhealth.org,nonprofit,2026-06-24,high,Resource id 43: Grady Health System — Reentry Health Services,43
https://stjudesrecovery.org,nonprofit,2026-06-24,high,Resource id 44: St. Jude's Recovery Center — Atlanta,44
https://www.anchorhospital.com,nonprofit,2026-06-24,high,Resource id 45: Anchor Hospital — Behavioral Health & SUD,45
https://atlantatech.edu,nonprofit,2026-06-24,high,Resource id 46: Atlanta Technical College — Adult Education & GED,46
https://www.va.gov/atlanta-health-care/,nonprofit,2026-06-24,high,Resource id 47: Atlanta VA Health Care System,47
https://mustministries.org,nonprofit,2026-06-24,high,Resource id 48: MUST Ministries — Cobb County Services,48
https://www.acfb.org,nonprofit,2026-06-24,high,Resource id 49: Atlanta Community Food Bank,49
https://gasubstanceabuse.org,nonprofit,2026-06-24,high,Resource id 50: Georgia Council on Substance Abuse — Peer Support,50
https://www.itsmarta.com,nonprofit,2026-06-24,high,Resource id 51: MARTA — Reduced Fare Program,51
https://www.atlantalegalaid.org,nonprofit,2026-06-24,high,Resource id 52: Atlanta Legal Aid Society,52
https://garronline.org,nonprofit,2026-06-24,high,Resource id 53: Georgia Association of Recovery Residences (GARR),53
https://unionmission.org,nonprofit,2026-06-24,high,Resource id 54: Union Mission — Augusta Campus,54
https://goldenharvest.org,nonprofit,2026-06-24,high,Resource id 55: Golden Harvest Food Bank,55
https://www.worksourcecsra.org,nonprofit,2026-06-24,high,Resource id 56: WorkSource CSRA — Augusta Career Center,56
https://www.serenitybhs.org,nonprofit,2026-06-24,high,Resource id 57: Serenity Behavioral Health Systems — Augusta,57
https://dbhdd.georgia.gov,government,2026-06-24,high,Resource id 58: East Central Regional Hospital — Behavioral Health,58
https://www.glsp.org,nonprofit,2026-06-24,high,Resource id 59: CSRA Legal Services — Augusta Office,59
https://actionministries.net,nonprofit,2026-06-24,high,Resource id 60: Action Ministries — Augusta Housing & Services,60
https://augustarescuemission.org,nonprofit,2026-06-24,high,Resource id 61: Augusta Rescue Mission,61
https://veterans.georgia.gov,government,2026-06-24,high,Resource id 62: Veterans of Foreign Wars — Augusta Veterans Services Navigation,62
https://feedingthevalley.org,nonprofit,2026-06-24,high,Resource id 63: Feeding the Valley Food Bank,63
https://goodwillsr.org,nonprofit,2026-06-24,high,Resource id 64: Goodwill Southern Rivers — Columbus Career Center,64
https://www.valleyhealthcared.org,nonprofit,2026-06-24,high,Resource id 65: Valley Healthcare System — FQHC Columbus,65
https://www.stfrancishealth.org,nonprofit,2026-06-24,high,Resource id 66: Bradley Center of St. Francis — SUD Treatment,66
https://houseofmercycolumbus.org,nonprofit,2026-06-24,high,Resource id 67: House of Mercy — Columbus Transitional Housing,67
https://www.lawestga.org,nonprofit,2026-06-24,high,Resource id 68: Legal Aid of West Georgia — Columbus Office,68
https://www.newhorizonsbh.org,nonprofit,2026-06-24,high,Resource id 69: New Horizons Behavioral Health — Columbus,69
https://opendoorcolumbus.org,nonprofit,2026-06-24,high,Resource id 70: Open Door Community House — Basic Needs,70
https://mgcfb.org,nonprofit,2026-06-24,high,Resource id 71: Middle Georgia Community Food Bank,71
https://www.river-edge.org,nonprofit,2026-06-24,high,Resource id 72: River Edge Behavioral Health — Macon,72
https://www.centralgatech.edu,nonprofit,2026-06-24,high,Resource id 73: Central Georgia Technical College — Adult Education,73
https://salvationarmygeorgia.org/macon,nonprofit,2026-06-24,high,Resource id 74: Salvation Army — Macon Emergency Shelter,74
https://maconbibeoc.org,nonprofit,2026-06-24,high,Resource id 75: Macon-Bibb County Economic Opportunity Council,75
https://www.piedmont.org,nonprofit,2026-06-24,high,Resource id 76: Piedmont Macon Medical Center — Behavioral Health,76
https://daybreakmacon.org,nonprofit,2026-06-24,high,Resource id 77: Daybreak — Macon Day Center,77
https://www.glsp.org,nonprofit,2026-06-24,high,Resource id 78: Georgia Legal Services — Macon Office,78
https://goodwillworks.org,nonprofit,2026-06-24,high,Resource id 79: Goodwill Middle Georgia — Career Center,79
https://maconoutreach.org,nonprofit,2026-06-24,high,Resource id 80: Macon Outreach — Reentry Support,80
https://unionmission.org,nonprofit,2026-06-24,high,Resource id 81: Union Mission — Savannah Campus,81
https://helpendhunger.org,nonprofit,2026-06-24,high,Resource id 82: America's Second Harvest of Coastal Georgia,82
https://www.caaga.org,nonprofit,2026-06-24,high,Resource id 83: Coastal Georgia Area Community Action Authority,83
https://www.gatewaybhs.org,nonprofit,2026-06-24,high,Resource id 84: Gateway Behavioral Health Services — Savannah,84
https://emmaushouse.org,nonprofit,2026-06-24,high,Resource id 85: Emmaus House — Savannah Homeless Services,85
https://www.homelessauthority.org,nonprofit,2026-06-24,high,Resource id 86: Chatham-Savannah Authority for the Homeless,86
https://www.memorialhealth.com,nonprofit,2026-06-24,high,Resource id 87: Memorial Health University Medical Center — Behavioral Health,87
https://parkplaceyes.org,nonprofit,2026-06-24,high,Resource id 88: Park Place Outreach — Youth & Young Adult Services,88
https://stepupsavannah.org,nonprofit,2026-06-24,high,Resource id 89: Step Up Savannah — Poverty Reduction & Workforce,89
https://www.cobbsb.org,nonprofit,2026-06-24,high,Resource id 90: Cobb County Community Services Board,90
https://www.dekcsb.org,nonprofit,2026-06-24,high,Resource id 91: DeKalb County Community Service Board,91
https://ghms.org,nonprofit,2026-06-24,high,Resource id 92: Georgia Highlands Medical Services — Cobb Clinic,92
https://worksourcegwinnett.com,nonprofit,2026-06-24,high,Resource id 93: WorkSource Gwinnett — Career Center,93
https://crossroadscommunityministries.org,nonprofit,2026-06-24,high,Resource id 94: Crossroads Community Ministries — DeKalb,94
https://talbottrecovery.com,nonprofit,2026-06-24,high,Resource id 95: Talbott Recovery Campus — Atlanta,95
https://www.gwinnettcounty.com/web/gwinnett/departments/corrections,government,2026-06-24,high,Resource id 96: Gwinnett Reentry Intervention Program (GRIP),96
https://www.cobbsheriff.org,government,2026-06-24,high,Resource id 97: Cobb County Adult Detention Center — Reentry Planning,97
https://www.xpressga.com,government,2026-06-24,high,Resource id 98: GRTA Xpress — Regional Commuter Transit,98
https://remergeatl.org,nonprofit,2026-06-24,high,Resource id 99: ReMerge Atlanta — Maternal Justice & Reentry,99
https://chris180.org,nonprofit,2026-06-24,high,Resource id 100: CHRIS 180 — Reentry Behavioral Health,100
https://veohero.org,nonprofit,2026-06-24,high,Resource id 101: Veterans Empowerment Organization — Atlanta,101
https://www.oxfordhouse.org,nonprofit,2026-06-24,high,Resource id 102: Oxford House of Georgia — Recovery Housing Network,102
https://salvationarmygeorgia.org,nonprofit,2026-06-24,high,Resource id 103: Salvation Army — Cobb County Corps,103
https://www.dekalbcountyga.gov/transportation/ride,government,2026-06-24,high,Resource id 104: DeKalb County RIDE — Paratransit Services,104
https://dcs.georgia.gov,government,2026-06-24,high,Resource id 105: Georgia Department of Community Supervision — Fulton Field Office,105
https://innercityministries.org,nonprofit,2026-06-24,medium,Resource id 106: Inner City Ministries — Atlanta Basic Needs,106
https://www.columbusga.gov,government,2026-06-24,medium,Resource id 107: Columbus Consolidated Government — Reentry Task Force,107
https://www.chathamcountyga.gov,government,2026-06-24,medium,Resource id 108: Savannah/Chatham County Reentry Coalition,108
https://gasubstanceabuse.org,nonprofit,2026-06-24,high,Resource id 109: FOR Georgia — Peer Recovery Supports,109
https://www.augustaga.gov,government,2026-06-24,medium,Resource id 110: Augusta-Richmond County Reentry Services,110
https://www.centralgatech.edu,government,2026-06-24,high,Resource id 111: Central Georgia Technical College — Warner Robins Campus,111
https://dol.georgia.gov/locations/career-center,government,2026-06-24,high,Resource id 112: WorkSource Georgia — Albany Career Center,112
https://dol.georgia.gov/locations/career-center,government,2026-06-24,high,Resource id 113: WorkSource Georgia — Americus Career Center,113
https://dol.georgia.gov/locations/career-center,government,2026-06-24,high,Resource id 114: WorkSource Georgia — Athens Career Center,114
https://dol.georgia.gov/locations/career-center,government,2026-06-24,high,Resource id 115: WorkSource Georgia — Atlanta Career Center,115
https://dol.georgia.gov/locations/career-center,government,2026-06-24,high,Resource id 116: WorkSource Georgia — Augusta Career Center,116
https://dol.georgia.gov/locations/career-center,government,2026-06-24,high,Resource id 117: WorkSource Georgia — Blue Ridge Career Center,117
https://dol.georgia.gov/locations/career-center,government,2026-06-24,high,Resource id 118: WorkSource Georgia — Brunswick Career Center,118
https://dol.georgia.gov/locations/career-center,government,2026-06-24,high,Resource id 119: WorkSource Georgia — Carrollton Career Center,119
https://dol.georgia.gov/locations/career-center,government,2026-06-24,high,Resource id 120: WorkSource Georgia — Cartersville Career Center,120
https://dol.georgia.gov/locations/career-center,government,2026-06-24,high,Resource id 121: WorkSource Georgia — Clayton County Career Center,121
https://dol.georgia.gov/locations/career-center,government,2026-06-24,high,Resource id 122: WorkSource Georgia — Cobb-Cherokee Career Center,122
https://dol.georgia.gov/locations/career-center,government,2026-06-24,high,Resource id 123: WorkSource Georgia — Columbus Career Center,123
https://dol.georgia.gov/locations/career-center,government,2026-06-24,high,Resource id 124: WorkSource Georgia — Covington Career Center,124
https://dol.georgia.gov/locations/career-center,government,2026-06-24,high,Resource id 125: WorkSource Georgia — Dalton Career Center,125
https://dol.georgia.gov/locations/career-center,government,2026-06-24,high,Resource id 126: WorkSource Georgia — Douglas Career Center,126
https://dol.georgia.gov/locations/career-center,government,2026-06-24,high,Resource id 127: WorkSource Georgia — Dublin Career Center,127
https://dol.georgia.gov/locations/career-center,government,2026-06-24,high,Resource id 128: WorkSource Georgia — Gainesville Career Center,128
https://dol.georgia.gov/locations/career-center,government,2026-06-24,high,Resource id 129: WorkSource Georgia — Griffin Career Center,129
https://dol.georgia.gov/locations/career-center,government,2026-06-24,high,Resource id 130: WorkSource Georgia — Gwinnett Career Center,130
https://dol.georgia.gov/locations/career-center,government,2026-06-24,high,Resource id 131: WorkSource Georgia — Warner Robins Career Center,131
https://dol.georgia.gov/locations/career-center,government,2026-06-24,high,Resource id 132: WorkSource Georgia — LaGrange Career Center,132
https://dol.georgia.gov/locations/career-center,government,2026-06-24,high,Resource id 133: WorkSource Georgia — Macon Career Center,133
https://dol.georgia.gov/locations/career-center,government,2026-06-24,high,Resource id 134: WorkSource Georgia — Milledgeville Career Center,134
https://dol.georgia.gov/locations/career-center,government,2026-06-24,high,Resource id 135: WorkSource Georgia — Moultrie Career Center,135
https://dol.georgia.gov/locations/career-center,government,2026-06-24,high,Resource id 136: WorkSource Georgia — Rome Career Center,136
https://dol.georgia.gov/locations/career-center,government,2026-06-24,high,Resource id 137: WorkSource Georgia — Savannah Career Center,137
https://dol.georgia.gov/locations/career-center,government,2026-06-24,high,Resource id 138: WorkSource Georgia — Statesboro Career Center,138
https://dol.georgia.gov/locations/career-center,government,2026-06-24,high,Resource id 139: WorkSource Georgia — Thomasville Career Center,139
https://dol.georgia.gov/locations/career-center,government,2026-06-24,high,Resource id 140: WorkSource Georgia — Tifton Career Center,140
https://dol.georgia.gov/locations/career-center,government,2026-06-24,high,Resource id 141: WorkSource Georgia — Toccoa Career Center,141
https://dol.georgia.gov/locations/career-center,government,2026-06-24,high,Resource id 142: WorkSource Georgia — Valdosta Career Center,142
https://dol.georgia.gov/locations/career-center,government,2026-06-24,high,Resource id 143: WorkSource Georgia — Vidalia Career Center,143
https://dol.georgia.gov/locations/career-center,government,2026-06-24,high,Resource id 144: WorkSource Georgia — Waycross Career Center,144
https://pap.georgia.gov/locations,government,2026-06-24,high,Resource id 145: Georgia Board of Pardons and Paroles — Milledgeville Field Office,145
https://pap.georgia.gov/locations,government,2026-06-24,high,Resource id 146: Georgia Board of Pardons and Paroles — Rome Field Office,146
https://pap.georgia.gov/locations,government,2026-06-24,high,Resource id 147: Georgia Board of Pardons and Paroles — Savannah Field Office,147
https://pap.georgia.gov/locations,government,2026-06-24,high,Resource id 148: Georgia Board of Pardons and Paroles — Augusta Field Office,148
https://pap.georgia.gov/locations,government,2026-06-24,high,Resource id 149: Georgia Board of Pardons and Paroles — Valdosta Field Office,149
https://pap.georgia.gov/locations,government,2026-06-24,high,Resource id 150: Georgia Board of Pardons and Paroles — Thomaston Field Office,150
https://pap.georgia.gov/locations,government,2026-06-24,high,Resource id 151: Georgia Board of Pardons and Paroles — Americus Field Office,151
https://pap.georgia.gov/locations,government,2026-06-24,high,Resource id 152: Georgia Board of Pardons and Paroles — South Metro Field Office,152
https://pap.georgia.gov/locations,government,2026-06-24,high,Resource id 153: Georgia Board of Pardons and Paroles — Macon Field Office,153
https://pap.georgia.gov/locations,government,2026-06-24,high,Resource id 154: Georgia Board of Pardons and Paroles — Columbus Field Office,154
https://pap.georgia.gov/locations,government,2026-06-24,high,Resource id 155: Georgia Board of Pardons and Paroles — Gainesville Field Office,155
https://pap.georgia.gov/locations,government,2026-06-24,high,Resource id 156: Georgia Board of Pardons and Paroles — Dublin Field Office,156
https://scpchealth.org,nonprofit,2026-06-24,high,Resource id 157: South Central Primary Care — FQHC Network,157
https://eghc.org,nonprofit,2026-06-24,high,Resource id 158: East Georgia Healthcare Center — FQHC,158
https://medlinkga.org,nonprofit,2026-06-24,high,Resource id 159: MedLink Georgia — FQHC Network,159
https://communityhealthworks.org,nonprofit,2026-06-24,high,Resource id 160: Community Health Works — FQHC,160
https://gmhs.org,nonprofit,2026-06-24,high,Resource id 161: Georgia Mountains Health Services — FQHC,161
https://aaphc.org,nonprofit,2026-06-24,high,Resource id 162: Albany Area Primary Health Care — FQHC,162
https://southside-med.org,nonprofit,2026-06-24,high,Resource id 163: Southside Medical Center — FQHC Atlanta,163
https://carepartnersga.org,nonprofit,2026-06-24,high,Resource id 164: CarePartners of Georgia — FQHC,164
https://goodsamshealth.org,nonprofit,2026-06-24,high,Resource id 165: Good Samaritan Health Centers — FQHC,165
https://firstchoicepc.org,nonprofit,2026-06-24,high,Resource id 166: First Choice Primary Care — FQHC Macon,166
https://foodbanknega.org,nonprofit,2026-06-24,high,Resource id 167: Food Bank of Northeast Georgia,167
https://feedingsga.org,nonprofit,2026-06-24,high,Resource id 168: Second Harvest of South Georgia,168
https://goldenharvest.org,nonprofit,2026-06-24,high,Resource id 169: Golden Harvest Food Bank — CSRA Region,169
https://mgcfb.org,nonprofit,2026-06-24,high,Resource id 170: Middle Georgia Community Food Bank — Rural Counties,170
https://feedingthevalley.org,nonprofit,2026-06-24,high,Resource id 171: Feeding the Valley — West Georgia,171
https://www.gadoe.org/Pages/Adult-Education.aspx,government,2026-06-24,high,Resource id 172: Georgia Department of Education — Adult Education & GED,172
https://www.tcsg.edu/adult-education/,government,2026-06-24,high,Resource id 173: Technical College System of Georgia — Adult Education,173
https://literacyaction.org,nonprofit,2026-06-24,high,Resource id 174: Literacy Action — Atlanta Adult Education,174
https://www.augustatech.edu/adult-education,government,2026-06-24,high,Resource id 175: Augusta Technical College — Adult Education,175
https://www.savannahtech.edu/adult-education/,government,2026-06-24,high,Resource id 176: Savannah Technical College — Adult Education,176
https://www.columbustech.edu/adult-education,government,2026-06-24,high,Resource id 177: Columbus Technical College — Adult Education,177
https://georgiacenterforchildadvocacy.org,nonprofit,2026-06-24,high,Resource id 178: Georgia Center for Child Advocacy — Family Reunification Supports,178
https://www.acim.org,nonprofit,2026-06-24,high,Resource id 179: Aid to Children of Imprisoned Mothers (AIM) — Atlanta,179
https://dfcs.georgia.gov/services/adoption-and-foster-care/reunification,government,2026-06-24,high,Resource id 180: Georgia DFCS — Reunification & Parenting Supports,180
https://sos.ga.gov/page/order-vital-records,government,2026-06-24,high,Resource id 181: Georgia Secretary of State — Probate Court Vital Records Guide,181
https://www.ssa.gov/locator,government,2026-06-24,high,Resource id 182: Social Security Administration — Georgia Field Offices,182
https://www.avlf.org,nonprofit,2026-06-24,high,Resource id 183: Atlanta Volunteer Lawyers Foundation — Record Restriction Clinic,183
https://www.glsp.org/offices,nonprofit,2026-06-24,high,Resource id 184: Georgia Legal Services — Albany Office,184
https://www.glsp.org/offices,nonprofit,2026-06-24,high,Resource id 185: Georgia Legal Services — Gainesville Office,185
https://www.glsp.org/offices,nonprofit,2026-06-24,high,Resource id 186: Georgia Legal Services — Valdosta Office,186
https://www.schr.org,nonprofit,2026-06-24,high,Resource id 187: Southern Center for Human Rights — Reentry Legal Advocacy,187
https://gasupport.org,nonprofit,2026-06-24,high,Resource id 188: Georgia Peer Recovery Support — CARES Warm Line,188
https://dbhdd.georgia.gov,government,2026-06-24,high,Resource id 189: Georgia Department of Behavioral Health — Opioid Crisis Helpline,189
https://www.dca.ga.gov,government,2026-06-24,high,Resource id 190: Georgia Department of Community Affairs — Housing Resources,190
https://www.va.gov/augusta-health-care/,government,2026-06-24,high,Resource id 191: Augusta VA Medical Center — Veterans Justice Outreach,191
https://www.va.gov/dublin-health-care/,government,2026-06-24,high,Resource id 192: Dublin VA Medical Center — Veterans Justice Outreach,192
https://www.trinkadavisfoundation.org,nonprofit,2026-06-24,high,Resource id 193: Trinka Davis Veterans Village — Transitional Housing,193
https://www.tcsg.edu/vectr/,government,2026-06-24,high,Resource id 194: Georgia Veterans Education Career Transition Resource (VECTR),194
https://cjcc.georgia.gov/grants/veterans-court-program,government,2026-06-24,high,Resource id 195: Veterans Court Program — Georgia Accountability Courts,195
https://dfcs.georgia.gov/locations/appling-county,government,2026-06-24,high,Resource id 196: Appling County DFCS — Family Assistance,196
https://dfcs.georgia.gov/locations/atkinson-county,government,2026-06-24,high,Resource id 197: Atkinson County DFCS — Family Assistance,197
https://dfcs.georgia.gov/locations/bacon-county,government,2026-06-24,high,Resource id 198: Bacon County DFCS — Family Assistance,198
https://dfcs.georgia.gov/locations/baker-county,government,2026-06-24,high,Resource id 199: Baker County DFCS — Family Assistance,199
https://dfcs.georgia.gov/locations/baldwin-county,government,2026-06-24,high,Resource id 200: Baldwin County DFCS — Family Assistance,200
https://dfcs.georgia.gov/locations/banks-county,government,2026-06-24,high,Resource id 201: Banks County DFCS — Family Assistance,201
https://dfcs.georgia.gov/locations/barrow-county,government,2026-06-24,high,Resource id 202: Barrow County DFCS — Family Assistance,202
https://dfcs.georgia.gov/locations/bartow-county,government,2026-06-24,high,Resource id 203: Bartow County DFCS — Family Assistance,203
https://dfcs.georgia.gov/locations/ben-hill-county,government,2026-06-24,high,Resource id 204: Ben Hill County DFCS — Family Assistance,204
https://dfcs.georgia.gov/locations/berrien-county,government,2026-06-24,high,Resource id 205: Berrien County DFCS — Family Assistance,205
https://dfcs.georgia.gov/locations/bibb-county,government,2026-06-24,high,Resource id 206: Bibb County DFCS — Family Assistance,206
https://dfcs.georgia.gov/locations/bleckley-county,government,2026-06-24,high,Resource id 207: Bleckley County DFCS — Family Assistance,207
https://dfcs.georgia.gov/locations/brantley-county,government,2026-06-24,high,Resource id 208: Brantley County DFCS — Family Assistance,208
https://dfcs.georgia.gov/locations/brooks-county,government,2026-06-24,high,Resource id 209: Brooks County DFCS — Family Assistance,209
https://dfcs.georgia.gov/locations/bryan-county,government,2026-06-24,high,Resource id 210: Bryan County DFCS — Family Assistance,210
https://dfcs.georgia.gov/locations/bulloch-county,government,2026-06-24,high,Resource id 211: Bulloch County DFCS — Family Assistance,211
https://dfcs.georgia.gov/locations/burke-county,government,2026-06-24,high,Resource id 212: Burke County DFCS — Family Assistance,212
https://dfcs.georgia.gov/locations/butts-county,government,2026-06-24,high,Resource id 213: Butts County DFCS — Family Assistance,213
https://dfcs.georgia.gov/locations/calhoun-county,government,2026-06-24,high,Resource id 214: Calhoun County DFCS — Family Assistance,214
https://dfcs.georgia.gov/locations/camden-county,government,2026-06-24,high,Resource id 215: Camden County DFCS — Family Assistance,215
https://dfcs.georgia.gov/locations/candler-county,government,2026-06-24,high,Resource id 216: Candler County DFCS — Family Assistance,216
https://dfcs.georgia.gov/locations/carroll-county,government,2026-06-24,high,Resource id 217: Carroll County DFCS — Family Assistance,217
https://dfcs.georgia.gov/locations/catoosa-county,government,2026-06-24,high,Resource id 218: Catoosa County DFCS — Family Assistance,218
https://dfcs.georgia.gov/locations/charlton-county,government,2026-06-24,high,Resource id 219: Charlton County DFCS — Family Assistance,219
https://dfcs.georgia.gov/locations/chatham-county,government,2026-06-24,high,Resource id 220: Chatham County DFCS — Family Assistance,220
https://dfcs.georgia.gov/locations/chattahoochee-county,government,2026-06-24,high,Resource id 221: Chattahoochee County DFCS — Family Assistance,221
https://dfcs.georgia.gov/locations/chattooga-county,government,2026-06-24,high,Resource id 222: Chattooga County DFCS — Family Assistance,222
https://dfcs.georgia.gov/locations/cherokee-county,government,2026-06-24,high,Resource id 223: Cherokee County DFCS — Family Assistance,223
https://dfcs.georgia.gov/locations/clarke-county,government,2026-06-24,high,Resource id 224: Clarke County DFCS — Family Assistance,224
https://dfcs.georgia.gov/locations/clay-county,government,2026-06-24,high,Resource id 225: Clay County DFCS — Family Assistance,225
https://dfcs.georgia.gov/locations/clayton-county,government,2026-06-24,high,Resource id 226: Clayton County DFCS — Family Assistance,226
https://dfcs.georgia.gov/locations/clinch-county,government,2026-06-24,high,Resource id 227: Clinch County DFCS — Family Assistance,227
https://dfcs.georgia.gov/locations/cobb-county,government,2026-06-24,high,Resource id 228: Cobb County DFCS — Family Assistance,228
https://dfcs.georgia.gov/locations/coffee-county,government,2026-06-24,high,Resource id 229: Coffee County DFCS — Family Assistance,229
https://dfcs.georgia.gov/locations/colquitt-county,government,2026-06-24,high,Resource id 230: Colquitt County DFCS — Family Assistance,230
https://dfcs.georgia.gov/locations/columbia-county,government,2026-06-24,high,Resource id 231: Columbia County DFCS — Family Assistance,231
https://dfcs.georgia.gov/locations/cook-county,government,2026-06-24,high,Resource id 232: Cook County DFCS — Family Assistance,232
https://dfcs.georgia.gov/locations/coweta-county,government,2026-06-24,high,Resource id 233: Coweta County DFCS — Family Assistance,233
https://dfcs.georgia.gov/locations/crawford-county,government,2026-06-24,high,Resource id 234: Crawford County DFCS — Family Assistance,234
https://dfcs.georgia.gov/locations/crisp-county,government,2026-06-24,high,Resource id 235: Crisp County DFCS — Family Assistance,235
https://dfcs.georgia.gov/locations/dade-county,government,2026-06-24,high,Resource id 236: Dade County DFCS — Family Assistance,236
https://dfcs.georgia.gov/locations/dawson-county,government,2026-06-24,high,Resource id 237: Dawson County DFCS — Family Assistance,237
https://dfcs.georgia.gov/locations/decatur-county,government,2026-06-24,high,Resource id 238: Decatur County DFCS — Family Assistance,238
https://dfcs.georgia.gov/locations/dekalb-county,government,2026-06-24,high,Resource id 239: DeKalb County DFCS — Family Assistance,239
https://dfcs.georgia.gov/locations/dodge-county,government,2026-06-24,high,Resource id 240: Dodge County DFCS — Family Assistance,240
https://dfcs.georgia.gov/locations/dooly-county,government,2026-06-24,high,Resource id 241: Dooly County DFCS — Family Assistance,241
https://dfcs.georgia.gov/locations/dougherty-county,government,2026-06-24,high,Resource id 242: Dougherty County DFCS — Family Assistance,242
https://dfcs.georgia.gov/locations/douglas-county,government,2026-06-24,high,Resource id 243: Douglas County DFCS — Family Assistance,243
https://dfcs.georgia.gov/locations/early-county,government,2026-06-24,high,Resource id 244: Early County DFCS — Family Assistance,244
https://dfcs.georgia.gov/locations/echols-county,government,2026-06-24,high,Resource id 245: Echols County DFCS — Family Assistance,245
https://dfcs.georgia.gov/locations/effingham-county,government,2026-06-24,high,Resource id 246: Effingham County DFCS — Family Assistance,246
https://dfcs.georgia.gov/locations/elbert-county,government,2026-06-24,high,Resource id 247: Elbert County DFCS — Family Assistance,247
https://dfcs.georgia.gov/locations/emanuel-county,government,2026-06-24,high,Resource id 248: Emanuel County DFCS — Family Assistance,248
https://dfcs.georgia.gov/locations/evans-county,government,2026-06-24,high,Resource id 249: Evans County DFCS — Family Assistance,249
https://dfcs.georgia.gov/locations/fannin-county,government,2026-06-24,high,Resource id 250: Fannin County DFCS — Family Assistance,250
https://dfcs.georgia.gov/locations/fayette-county,government,2026-06-24,high,Resource id 251: Fayette County DFCS — Family Assistance,251
https://dfcs.georgia.gov/locations/floyd-county,government,2026-06-24,high,Resource id 252: Floyd County DFCS — Family Assistance,252
https://dfcs.georgia.gov/locations/forsyth-county-0,government,2026-06-24,high,Resource id 253: Forsyth County DFCS — Family Assistance,253
https://dfcs.georgia.gov/locations/franklin-county,government,2026-06-24,high,Resource id 254: Franklin County DFCS — Family Assistance,254
https://dfcs.georgia.gov/press-releases/2025-08-04/fulton-county-dfcs-and-dcss-offices-consolidating,government,2026-06-24,high,Resource id 255: Fulton County DFCS — Family Assistance,255
https://dfcs.georgia.gov/locations/gilmer-county,government,2026-06-24,high,Resource id 256: Gilmer County DFCS — Family Assistance,256
https://dfcs.georgia.gov/locations/glascock-county,government,2026-06-24,high,Resource id 257: Glascock County DFCS — Family Assistance,257
https://dfcs.georgia.gov/locations/glynn-county,government,2026-06-24,high,Resource id 258: Glynn County DFCS — Family Assistance,258
https://dfcs.georgia.gov/locations/gordon-county,government,2026-06-24,high,Resource id 259: Gordon County DFCS — Family Assistance,259
https://dfcs.georgia.gov/locations/grady-county,government,2026-06-24,high,Resource id 260: Grady County DFCS — Family Assistance,260
https://dfcs.georgia.gov/locations/greene-county,government,2026-06-24,high,Resource id 261: Greene County DFCS — Family Assistance,261
https://dfcs.georgia.gov/locations/gwinnett-county,government,2026-06-24,high,Resource id 262: Gwinnett County DFCS — Family Assistance,262
https://dfcs.georgia.gov/locations/habersham-county,government,2026-06-24,high,Resource id 263: Habersham County DFCS — Family Assistance,263
https://dfcs.georgia.gov/locations/hall-county,government,2026-06-24,high,Resource id 264: Hall County DFCS — Family Assistance,264
https://dfcs.georgia.gov/locations/hancock-county,government,2026-06-24,high,Resource id 265: Hancock County DFCS — Family Assistance,265
https://dfcs.georgia.gov/locations/haralson-county,government,2026-06-24,high,Resource id 266: Haralson County DFCS — Family Assistance,266
https://dfcs.georgia.gov/locations/harris-county,government,2026-06-24,high,Resource id 267: Harris County DFCS — Family Assistance,267
https://dfcs.georgia.gov/locations/hart-county,government,2026-06-24,high,Resource id 268: Hart County DFCS — Family Assistance,268
https://dfcs.georgia.gov/locations/heard-county,government,2026-06-24,high,Resource id 269: Heard County DFCS — Family Assistance,269
https://dfcs.georgia.gov/locations/henry-county,government,2026-06-24,high,Resource id 270: Henry County DFCS — Family Assistance,270
https://dfcs.georgia.gov/locations/houston-county,government,2026-06-24,high,Resource id 271: Houston County DFCS — Family Assistance,271
https://dfcs.georgia.gov/locations/irwin-county,government,2026-06-24,high,Resource id 272: Irwin County DFCS — Family Assistance,272
https://dfcs.georgia.gov/locations/jackson-county,government,2026-06-24,high,Resource id 273: Jackson County DFCS — Family Assistance,273
https://dfcs.georgia.gov/locations/jasper-county,government,2026-06-24,high,Resource id 274: Jasper County DFCS — Family Assistance,274
https://dfcs.georgia.gov/locations/jeff-davis-county,government,2026-06-24,high,Resource id 275: Jeff Davis County DFCS — Family Assistance,275
https://dfcs.georgia.gov/locations/jefferson-county,government,2026-06-24,high,Resource id 276: Jefferson County DFCS — Family Assistance,276
https://dfcs.georgia.gov/locations/jenkins-county,government,2026-06-24,high,Resource id 277: Jenkins County DFCS — Family Assistance,277
https://dfcs.georgia.gov/locations/johnson-county,government,2026-06-24,high,Resource id 278: Johnson County DFCS — Family Assistance,278
https://dfcs.georgia.gov/locations/jones-county,government,2026-06-24,high,Resource id 279: Jones County DFCS — Family Assistance,279
https://dfcs.georgia.gov/locations/lamar-county,government,2026-06-24,high,Resource id 280: Lamar County DFCS — Family Assistance,280
https://dfcs.georgia.gov/locations/lanier-county,government,2026-06-24,high,Resource id 281: Lanier County DFCS — Family Assistance,281
https://dfcs.georgia.gov/locations/laurens-county,government,2026-06-24,high,Resource id 282: Laurens County DFCS — Family Assistance,282
https://dfcs.georgia.gov/locations/lee-county,government,2026-06-24,high,Resource id 283: Lee County DFCS — Family Assistance,283
https://dfcs.georgia.gov/locations/liberty-county,government,2026-06-24,high,Resource id 284: Liberty County DFCS — Family Assistance,284
https://dfcs.georgia.gov/locations/lincoln-county,government,2026-06-24,high,Resource id 285: Lincoln County DFCS — Family Assistance,285
https://dfcs.georgia.gov/locations/long-county,government,2026-06-24,high,Resource id 286: Long County DFCS — Family Assistance,286
https://dfcs.georgia.gov/locations/lowndes-county,government,2026-06-24,high,Resource id 287: Lowndes County DFCS — Family Assistance,287
https://dfcs.georgia.gov/locations/lumpkin-county,government,2026-06-24,high,Resource id 288: Lumpkin County DFCS — Family Assistance,288
https://dfcs.georgia.gov/locations/macon-county,government,2026-06-24,high,Resource id 289: Macon County DFCS — Family Assistance,289
https://dfcs.georgia.gov/locations/madison-county,government,2026-06-24,high,Resource id 290: Madison County DFCS — Family Assistance,290
https://dfcs.georgia.gov/locations/marion-county,government,2026-06-24,high,Resource id 291: Marion County DFCS — Family Assistance,291
https://dfcs.georgia.gov/locations/mcduffie-county,government,2026-06-24,high,Resource id 292: McDuffie County DFCS — Family Assistance,292
https://dfcs.georgia.gov/locations/mcintosh-county,government,2026-06-24,high,Resource id 293: McIntosh County DFCS — Family Assistance,293
https://dfcs.georgia.gov/locations/meriwether-county,government,2026-06-24,high,Resource id 294: Meriwether County DFCS — Family Assistance,294
https://dfcs.georgia.gov/locations/miller-county,government,2026-06-24,high,Resource id 295: Miller County DFCS — Family Assistance,295
https://dfcs.georgia.gov/locations/mitchell-county,government,2026-06-24,high,Resource id 296: Mitchell County DFCS — Family Assistance,296
https://dfcs.georgia.gov/locations/monroe-county,government,2026-06-24,high,Resource id 297: Monroe County DFCS — Family Assistance,297
https://dfcs.georgia.gov/locations/montgomery-county,government,2026-06-24,high,Resource id 298: Montgomery County DFCS — Family Assistance,298
https://dfcs.georgia.gov/locations/morgan-county,government,2026-06-24,high,Resource id 299: Morgan County DFCS — Family Assistance,299
https://dfcs.georgia.gov/locations/murray-county,government,2026-06-24,high,Resource id 300: Murray County DFCS — Family Assistance,300
https://dfcs.georgia.gov/locations/muscogee-county,government,2026-06-24,high,Resource id 301: Muscogee County DFCS — Family Assistance,301
https://dfcs.georgia.gov/locations/newton-county,government,2026-06-24,high,Resource id 302: Newton County DFCS — Family Assistance,302
https://dfcs.georgia.gov/locations/oconee-county,government,2026-06-24,high,Resource id 303: Oconee County DFCS — Family Assistance,303
https://dfcs.georgia.gov/locations/oglethorpe-county,government,2026-06-24,high,Resource id 304: Oglethorpe County DFCS — Family Assistance,304
https://dfcs.georgia.gov/locations/paulding-county,government,2026-06-24,high,Resource id 305: Paulding County DFCS — Family Assistance,305
https://dfcs.georgia.gov/locations/peach-county,government,2026-06-24,high,Resource id 306: Peach County DFCS — Family Assistance,306
https://dfcs.georgia.gov/locations/pickens-county,government,2026-06-24,high,Resource id 307: Pickens County DFCS — Family Assistance,307
https://dfcs.georgia.gov/locations/pierce-county,government,2026-06-24,high,Resource id 308: Pierce County DFCS — Family Assistance,308
https://dfcs.georgia.gov/locations/pike-county,government,2026-06-24,high,Resource id 309: Pike County DFCS — Family Assistance,309
https://dfcs.georgia.gov/locations/polk-county,government,2026-06-24,high,Resource id 310: Polk County DFCS — Family Assistance,310
https://dfcs.georgia.gov/locations/pulaski-county,government,2026-06-24,high,Resource id 311: Pulaski County DFCS — Family Assistance,311
https://dfcs.georgia.gov/locations/putnam-county,government,2026-06-24,high,Resource id 312: Putnam County DFCS — Family Assistance,312
https://dfcs.georgia.gov/locations/quitman-county,government,2026-06-24,high,Resource id 313: Quitman County DFCS — Family Assistance,313
https://dfcs.georgia.gov/locations/rabun-county,government,2026-06-24,high,Resource id 314: Rabun County DFCS — Family Assistance,314
https://dfcs.georgia.gov/locations/randolph-county,government,2026-06-24,high,Resource id 315: Randolph County DFCS — Family Assistance,315
https://dfcs.georgia.gov/locations/richmond-county,government,2026-06-24,high,Resource id 316: Richmond County DFCS — Family Assistance,316
https://dfcs.georgia.gov/locations/rockdale-county,government,2026-06-24,high,Resource id 317: Rockdale County DFCS — Family Assistance,317
https://dfcs.georgia.gov/locations/schley-county,government,2026-06-24,high,Resource id 318: Schley County DFCS — Family Assistance,318
https://dfcs.georgia.gov/locations/screven-county,government,2026-06-24,high,Resource id 319: Screven County DFCS — Family Assistance,319
https://dfcs.georgia.gov/locations/seminole-county,government,2026-06-24,high,Resource id 320: Seminole County DFCS — Family Assistance,320
https://dfcs.georgia.gov/locations/spalding-county,government,2026-06-24,high,Resource id 321: Spalding County DFCS — Family Assistance,321
https://dfcs.georgia.gov/locations/stephens-county,government,2026-06-24,high,Resource id 322: Stephens County DFCS — Family Assistance,322
https://dfcs.georgia.gov/locations/stewart-county,government,2026-06-24,high,Resource id 323: Stewart County DFCS — Family Assistance,323
https://dfcs.georgia.gov/locations/sumter-county,government,2026-06-24,high,Resource id 324: Sumter County DFCS — Family Assistance,324
https://dfcs.georgia.gov/locations/talbot-county,government,2026-06-24,high,Resource id 325: Talbot County DFCS — Family Assistance,325
https://dfcs.georgia.gov/locations/taliaferro-county,government,2026-06-24,high,Resource id 326: Taliaferro County DFCS — Family Assistance,326
https://dfcs.georgia.gov/locations/tattnall-county,government,2026-06-24,high,Resource id 327: Tattnall County DFCS — Family Assistance,327
https://dfcs.georgia.gov/locations/taylor-county,government,2026-06-24,high,Resource id 328: Taylor County DFCS — Family Assistance,328
https://dfcs.georgia.gov/locations/telfair-county,government,2026-06-24,high,Resource id 329: Telfair County DFCS — Family Assistance,329
https://dfcs.georgia.gov/locations/terrell-county,government,2026-06-24,high,Resource id 330: Terrell County DFCS — Family Assistance,330
https://dfcs.georgia.gov/locations/thomas-county,government,2026-06-24,high,Resource id 331: Thomas County DFCS — Family Assistance,331
https://dfcs.georgia.gov/locations/tift-county,government,2026-06-24,high,Resource id 332: Tift County DFCS — Family Assistance,332
https://dfcs.georgia.gov/locations/toombs-county,government,2026-06-24,high,Resource id 333: Toombs County DFCS — Family Assistance,333
https://dfcs.georgia.gov/locations/towns-county,government,2026-06-24,high,Resource id 334: Towns County DFCS — Family Assistance,334
https://dfcs.georgia.gov/locations/treutlen-county,government,2026-06-24,high,Resource id 335: Treutlen County DFCS — Family Assistance,335
https://dfcs.georgia.gov/locations/troup-county,government,2026-06-24,high,Resource id 336: Troup County DFCS — Family Assistance,336
https://dfcs.georgia.gov/locations/turner-county,government,2026-06-24,high,Resource id 337: Turner County DFCS — Family Assistance,337
https://dfcs.georgia.gov/locations/twiggs-county,government,2026-06-24,high,Resource id 338: Twiggs County DFCS — Family Assistance,338
https://dfcs.georgia.gov/locations/union-county,government,2026-06-24,high,Resource id 339: Union County DFCS — Family Assistance,339
https://dfcs.georgia.gov/locations/upson-county,government,2026-06-24,high,Resource id 340: Upson County DFCS — Family Assistance,340
https://dfcs.georgia.gov/locations/walker-county,government,2026-06-24,high,Resource id 341: Walker County DFCS — Family Assistance,341
https://dfcs.georgia.gov/locations/walton-county,government,2026-06-24,high,Resource id 342: Walton County DFCS — Family Assistance,342
https://dfcs.georgia.gov/locations/ware-county,government,2026-06-24,high,Resource id 343: Ware County DFCS — Family Assistance,343
https://dfcs.georgia.gov/locations/warren-county,government,2026-06-24,high,Resource id 344: Warren County DFCS — Family Assistance,344
https://dfcs.georgia.gov/locations/washington-county,government,2026-06-24,high,Resource id 345: Washington County DFCS — Family Assistance,345
https://dfcs.georgia.gov/locations/wayne-county,government,2026-06-24,high,Resource id 346: Wayne County DFCS — Family Assistance,346
https://dfcs.georgia.gov/locations/webster-county,government,2026-06-24,high,Resource id 347: Webster County DFCS — Family Assistance,347
https://dfcs.georgia.gov/locations/wheeler-county,government,2026-06-24,high,Resource id 348: Wheeler County DFCS — Family Assistance,348
https://dfcs.georgia.gov/locations/white-county,government,2026-06-24,high,Resource id 349: White County DFCS — Family Assistance,349
https://dfcs.georgia.gov/locations/whitfield-county,government,2026-06-24,high,Resource id 350: Whitfield County DFCS — Family Assistance,350
https://dfcs.georgia.gov/locations/wilcox-county,government,2026-06-24,high,Resource id 351: Wilcox County DFCS — Family Assistance,351
https://dfcs.georgia.gov/locations/wilkes-county,government,2026-06-24,high,Resource id 352: Wilkes County DFCS — Family Assistance,352
https://dfcs.georgia.gov/locations/wilkinson-county,government,2026-06-24,high,Resource id 353: Wilkinson County DFCS — Family Assistance,353
https://dfcs.georgia.gov/locations/worth-county,government,2026-06-24,high,Resource id 354: Worth County DFCS — Family Assistance,354
https://www.gntc.edu/adult-education/class/,government,2026-06-24,high,Resource id 355: GNTC — Catoosa County Adult Education,355
https://www.deoclinic.org/about-us,nonprofit,2026-06-24,high,Resource id 356: The DEO Clinic — Free Healthcare,356
https://www.ourunitedway.org/our-impact,nonprofit,2026-06-24,high,Resource id 357: United Way of Northwest Georgia,357
https://www.cafi-ga.org/who-we-are/,nonprofit,2026-06-24,high,Resource id 358: Community Action for Improvement (CAFI),358
https://networks.whyhunger.org/organisation/33164,nonprofit,2026-06-24,high,Resource id 359: Christ Chapel Community Church — Food Pantry,359
https://www.gntc.edu/adult-education/class/,government,2026-06-24,high,Resource id 360: GNTC — Whitfield County Adult Education,360
https://www.sctech.edu/adult-education,government,2026-06-24,high,Resource id 361: Southern Crescent Technical College — Griffin Adult Education,361
